1;001a;;AA;AA-001a;DISPONIBLE;;;-1;1;1
2;001b;;AA;AA-001b;DISPONIBLE;;;-1;1;1
3;001a;;AA;AA-001a;DISPONIBLE;;;-1;1;1
4;001b;;AA;AA-001b;DISPONIBLE;;;-1;1;1
5;001a;;AA;AA-001a;DISPONIBLE;;;-1;1;1
6;001b;;AA;AA-001b;DISPONIBLE;;;-1;1;1
7;001a;;AA;AA-001a;DISPONIBLE;;;-1;1;1
8;001b;;AA;AA-001b;DISPONIBLE;;;-1;1;1
9;001a;;AA;AA-001a;DISPONIBLE;;;-1;1;1
10;001b;;AA;AA-001b;DISPONIBLE;;;-1;1;1
11;11;;AA;AA-0011;DISPONIBLE;;;-1;1;1
12;12;;AA;AA-0012;DISPONIBLE;;;-1;1;1
13;13;;AA;AA-0013;DISPONIBLE;;;-1;1;1
14;14;;AA;AA-0014;DISPONIBLE;;;-1;1;1
15;15;;AA;AA-0015;DISPONIBLE;;;-1;1;1
16;16;;AA;AA-0016;DISPONIBLE;;;-1;1;1
17;17;;AA;AA-0017;DISPONIBLE;;;-1;1;1
18;18;;AA;AA-0018;DISPONIBLE;;;-1;1;1
19;19;;AA;AA-0019;DISPONIBLE;;;-1;1;1
20;20;;AA;AA-0020;DISPONIBLE;;;-1;1;1
21;21;;AA;AA-0021;DISPONIBLE;;;-1;1;1
22;22;;AA;AA-0022;DISPONIBLE;;;-1;1;1
23;23;;AA;AA-0023;DISPONIBLE;;;-1;1;1
24;24;;AA;AA-0024;DISPONIBLE;;;-1;1;1
25;25;;AA;AA-0025;DISPONIBLE;;;-1;1;1
26;26;;AA;AA-0026;DISPONIBLE;;;-1;1;1
27;27;;AA;AA-0027;DISPONIBLE;;;-1;1;1
28;28;;AA;AA-0028;DISPONIBLE;;;-1;1;1
29;29;;AA;AA-0029;DISPONIBLE;;;-1;1;1
30;30;;AA;AA-0030;DISPONIBLE;;;-1;1;1
31;31;;AA;AA-0031;DISPONIBLE;;;-1;1;1
32;32;;AA;AA-0032;DISPONIBLE;;;-1;1;1
33;33;;AA;AA-0033;DISPONIBLE;;;-1;1;1
34;34;;AA;AA-0034;DISPONIBLE;;;-1;1;1
35;35;;AA;AA-0035;DISPONIBLE;;;-1;1;1
36;36;;AA;AA-0036;DISPONIBLE;;;-1;1;1
37;37;;AA;AA-0037;DISPONIBLE;;;-1;1;1
38;38;;AA;AA-0038;DISPONIBLE;;;-1;1;1
39;39;;AA;AA-0039;DISPONIBLE;;;-1;1;1
40;40;;AA;AA-0040;DISPONIBLE;;;-1;1;1
41;41;;AA;AA-0041;DISPONIBLE;;;-1;1;1
42;42;;AA;AA-0042;DISPONIBLE;;;-1;1;1
43;43;;AA;AA-0043;DISPONIBLE;;;-1;1;1
44;44;;AA;AA-0044;DISPONIBLE;;;-1;1;1
45;45;;AA;AA-0045;DISPONIBLE;;;-1;1;1
46;46;;AA;AA-0046;DISPONIBLE;;;-1;1;1
47;47;;AA;AA-0047;DISPONIBLE;;;-1;1;1
48;48;;AA;AA-0048;DISPONIBLE;;;-1;1;1
49;49;;AA;AA-0049;DISPONIBLE;;;-1;1;1
50;50;;AA;AA-0050;DISPONIBLE;;;-1;1;1
51;51;;AA;AA-0051;DISPONIBLE;;;-1;1;1
52;52;;AA;AA-0052;DISPONIBLE;;;-1;1;1
53;53;;BB;BB-0053;DISPONIBLE;;;-1;1;1
54;54;;BB;BB-0054;DISPONIBLE;;;-1;1;1
55;55;;BB;BB-0055;DISPONIBLE;;;-1;1;1
56;56;;BB;BB-0056;DISPONIBLE;;;-1;1;1
57;57;;BB;BB-0057;DISPONIBLE;;;-1;1;1
58;58;;BB;BB-0058;DISPONIBLE;;;-1;1;1
59;59;;BB;BB-0059;DISPONIBLE;;;-1;1;1
60;60;;BB;BB-0060;DISPONIBLE;;;-1;1;1
61;61;;BB;BB-0061;DISPONIBLE;;;-1;1;1
62;62;;BB;BB-0062;DISPONIBLE;;;-1;1;1
63;63;;BB;BB-0063;DISPONIBLE;;;-1;1;1
64;64;;BB;BB-0064;DISPONIBLE;;;-1;1;1
65;65;;BB;BB-0065;DISPONIBLE;;;-1;1;1
66;66;;BB;BB-0066;DISPONIBLE;;;-1;1;1
67;67;;BB;BB-0067;DISPONIBLE;;;-1;1;1
68;68;;BB;BB-0068;DISPONIBLE;;;-1;1;1
69;69;;BB;BB-0069;DISPONIBLE;;;-1;1;1
70;70;;BB;BB-0070;DISPONIBLE;;;-1;1;1
71;71;;BB;BB-0071;DISPONIBLE;;;-1;1;1
72;72;;BB;BB-0072;DISPONIBLE;;;-1;1;1
73;73;;BB;BB-0073;DISPONIBLE;;;-1;1;1
74;74;;BB;BB-0074;DISPONIBLE;;;-1;1;1
75;75;;BB;BB-0075;DISPONIBLE;;;-1;1;1
76;76;;BB;BB-0076;DISPONIBLE;;;-1;1;1
77;77;;BB;BB-0077;DISPONIBLE;;;-1;1;1
78;78;;BB;BB-0078;DISPONIBLE;;;-1;1;1
79;79;;BB;BB-0079;DISPONIBLE;;;-1;1;1
80;80;;BB;BB-0080;DISPONIBLE;;;-1;1;1
81;81;;BB;BB-0081;DISPONIBLE;;;-1;1;1
82;82;;BB;BB-0082;DISPONIBLE;;;-1;1;1
83;83;;BB;BB-0083;DISPONIBLE;;;-1;1;1
84;84;;BB;BB-0084;DISPONIBLE;;;-1;1;1
85;85;;BB;BB-0085;DISPONIBLE;;;-1;1;1
86;86;;BB;BB-0086;DISPONIBLE;;;-1;1;1
87;87;;BB;BB-0087;DISPONIBLE;;;-1;1;1
88;88;;BB;BB-0088;DISPONIBLE;;;-1;1;1
89;89;;BB;BB-0089;DISPONIBLE;;;-1;1;1
90;90;;BB;BB-0090;DISPONIBLE;;;-1;1;1
91;91;;BB;BB-0091;DISPONIBLE;;;-1;1;1
92;92;;BB;BB-0092;DISPONIBLE;;;-1;1;1
93;93;;BB;BB-0093;DISPONIBLE;;;-1;1;1
94;94;;BB;BB-0094;DISPONIBLE;;;-1;1;1
95;95;;BB;BB-0095;DISPONIBLE;;;-1;1;1
96;96;;BB;BB-0096;DISPONIBLE;;;-1;1;1
97;97;;BB;BB-0097;DISPONIBLE;;;-1;1;1
98;98;;BB;BB-0098;DISPONIBLE;;;-1;1;1
99;99;;BB;BB-0099;DISPONIBLE;;;-1;1;1
100;100;;BB;BB-0100;DISPONIBLE;;;-1;1;1
101;101;;BB;BB-0101;DISPONIBLE;;;-1;1;1
102;102;;BB;BB-0102;DISPONIBLE;;;-1;1;1
103;103;;BB;BB-0103;DISPONIBLE;;;-1;1;1
104;104;;BB;BB-0104;DISPONIBLE;;;-1;1;1
105;105;;BB;BB-0105;DISPONIBLE;;;-1;1;1
106;106;;BB;BB-0106;DISPONIBLE;;;-1;1;1
107;107;;BB;BB-0107;DISPONIBLE;;;-1;1;1
108;108;;BB;BB-0108;DISPONIBLE;;;-1;1;1
109;109;;BB;BB-0109;DISPONIBLE;;;-1;1;1
110;110;;BB;BB-0110;DISPONIBLE;;;-1;1;1
111;111;;BB;BB-0111;DISPONIBLE;;;-1;1;1
112;112;;BB;BB-0112;DISPONIBLE;;;-1;1;1
113;113;;BB;BB-0113;DISPONIBLE;;;-1;1;1
114;114;;BB;BB-0114;DISPONIBLE;;;-1;1;1
115;115;;BB;BB-0115;DISPONIBLE;;;-1;1;1
116;116;;BB;BB-0116;DISPONIBLE;;;-1;1;1
117;117;;BB;BB-0117;DISPONIBLE;;;-1;1;1
118;118;;BB;BB-0118;DISPONIBLE;;;-1;1;1
119;119;;BB;BB-0119;DISPONIBLE;;;-1;1;1
120;120;;BB;BB-0120;DISPONIBLE;;;-1;1;1
121;121;;BB;BB-0121;DISPONIBLE;;;-1;1;1
122;122;;BB;BB-0122;DISPONIBLE;;;-1;1;1
123;123;;BB;BB-0123;DISPONIBLE;;;-1;1;1
124;124;;BB;BB-0124;DISPONIBLE;;;-1;1;1
125;125;;BB;BB-0125;DISPONIBLE;;;-1;1;1
126;126;;BB;BB-0126;DISPONIBLE;;;-1;1;1
127;127;;BB;BB-0127;DISPONIBLE;;;-1;1;1
128;128;;BB;BB-0128;DISPONIBLE;;;-1;1;1
129;129;;BB;BB-0129;DISPONIBLE;;;-1;1;1
130;130;;BB;BB-0130;DISPONIBLE;;;-1;1;1
131;131;;BB;BB-0131;DISPONIBLE;;;-1;1;1
132;132;;BB;BB-0132;DISPONIBLE;;;-1;1;1
133;133;;BB;BB-0133;DISPONIBLE;;;-1;1;1
134;134;;BB;BB-0134;DISPONIBLE;;;-1;1;1
135;135;;BB;BB-0135;DISPONIBLE;;;-1;1;1
136;136;;BB;BB-0136;DISPONIBLE;;;-1;1;1
137;137;;BB;BB-0137;DISPONIBLE;;;-1;1;1
138;138;;BB;BB-0138;DISPONIBLE;;;-1;1;1
139;139;;BB;BB-0139;DISPONIBLE;;;-1;1;1
140;140;;BB;BB-0140;DISPONIBLE;;;-1;1;1
141;141;;BB;BB-0141;DISPONIBLE;;;-1;1;1
142;142;;BB;BB-0142;DISPONIBLE;;;-1;1;1
143;143;;BB;BB-0143;DISPONIBLE;;;-1;1;1
144;144;;BB;BB-0144;DISPONIBLE;;;-1;1;1
145;145;;BB;BB-0145;DISPONIBLE;;;-1;1;1
146;146;;BB;BB-0146;DISPONIBLE;;;-1;1;1
147;147;;BB;BB-0147;DISPONIBLE;;;-1;1;1
148;148;;BB;BB-0148;DISPONIBLE;;;-1;1;1
149;149;;BB;BB-0149;DISPONIBLE;;;-1;1;1
150;150;;BB;BB-0150;DISPONIBLE;;;-1;1;1
151;151;;BB;BB-0151;DISPONIBLE;;;-1;1;1
152;152;;BB;BB-0152;DISPONIBLE;;;-1;1;1
153;153;;BB;BB-0153;DISPONIBLE;;;-1;1;1
154;154;;BB;BB-0154;DISPONIBLE;;;-1;1;1
155;155;;BB;BB-0155;DISPONIBLE;;;-1;1;1
156;156;;BB;BB-0156;DISPONIBLE;;;-1;1;1
157;157;;BB;BB-0157;DISPONIBLE;;;-1;1;1
158;158;;BB;BB-0158;DISPONIBLE;;;-1;1;1
159;159;;BB;BB-0159;DISPONIBLE;;;-1;1;1
160;160;;BB;BB-0160;DISPONIBLE;;;-1;1;1
161;161;;BB;BB-0161;DISPONIBLE;;;-1;1;1
162;162;;BB;BB-0162;DISPONIBLE;;;-1;1;1
163;163;;BB;BB-0163;DISPONIBLE;;;-1;1;1
164;164;;BB;BB-0164;DISPONIBLE;;;-1;1;1
165;165;;BB;BB-0165;DISPONIBLE;;;-1;1;1
166;166;;BB;BB-0166;DISPONIBLE;;;-1;1;1
167;167;;BB;BB-0167;DISPONIBLE;;;-1;1;1
168;168;;BB;BB-0168;DISPONIBLE;;;-1;1;1
169;169;;BB;BB-0169;DISPONIBLE;;;-1;1;1
170;170;;BB;BB-0170;DISPONIBLE;;;-1;1;1
171;171;;BB;BB-0171;DISPONIBLE;;;-1;1;1
172;172;;BB;BB-0172;DISPONIBLE;;;-1;1;1
173;173;;BB;BB-0173;DISPONIBLE;;;-1;1;1
174;174;;BB;BB-0174;DISPONIBLE;;;-1;1;1
175;175;;BB;BB-0175;DISPONIBLE;;;-1;1;1
176;176;;BB;BB-0176;DISPONIBLE;;;-1;1;1
177;177;;BB;BB-0177;DISPONIBLE;;;-1;1;1
178;178;;BB;BB-0178;DISPONIBLE;;;-1;1;1
179;179;;BB;BB-0179;DISPONIBLE;;;-1;1;1
180;180;;BB;BB-0180;DISPONIBLE;;;-1;1;1
181;181;;BB;BB-0181;DISPONIBLE;;;-1;1;1
182;182;;BB;BB-0182;DISPONIBLE;;;-1;1;1
183;183;;BB;BB-0183;DISPONIBLE;;;-1;1;1
184;184;;BB;BB-0184;DISPONIBLE;;;-1;1;1
185;185;;BB;BB-0185;DISPONIBLE;;;-1;1;1
186;186;;BB;BB-0186;DISPONIBLE;;;-1;1;1
187;187;;BB;BB-0187;DISPONIBLE;;;-1;1;1
188;188;;BB;BB-0188;DISPONIBLE;;;-1;1;1
189;189;;BB;BB-0189;DISPONIBLE;;;-1;1;1
190;190;;BB;BB-0190;DISPONIBLE;;;-1;1;1
191;191;;BB;BB-0191;DISPONIBLE;;;-1;1;1
192;192;;BB;BB-0192;DISPONIBLE;;;-1;1;1
193;193;;BB;BB-0193;DISPONIBLE;;;-1;1;1
194;194;;BB;BB-0194;DISPONIBLE;;;-1;1;1
195;195;;BB;BB-0195;DISPONIBLE;;;-1;1;1
196;196;;BB;BB-0196;DISPONIBLE;;;-1;1;1
197;197;;BB;BB-0197;DISPONIBLE;;;-1;1;1
198;198;;BB;BB-0198;DISPONIBLE;;;-1;1;1
199;199;;BB;BB-0199;DISPONIBLE;;;-1;1;1
200;200;;BB;BB-0200;DISPONIBLE;;;-1;1;1
201;201;;BB;BB-0201;DISPONIBLE;;;-1;1;1
202;202;;BB;BB-0202;DISPONIBLE;;;-1;1;1
203;203;;BB;BB-0203;DISPONIBLE;;;-1;1;1
204;204;;BB;BB-0204;DISPONIBLE;;;-1;1;1
205;205;;BB;BB-0205;DISPONIBLE;;;-1;1;1
206;206;;BB;BB-0206;DISPONIBLE;;;-1;1;1
207;207;;BB;BB-0207;DISPONIBLE;;;-1;1;1
208;208;;BB;BB-0208;DISPONIBLE;;;-1;1;1
209;209;;BB;BB-0209;DISPONIBLE;;;-1;1;1
210;210;;BB;BB-0210;DISPONIBLE;;;-1;1;1
211;211;;BB;BB-0211;DISPONIBLE;;;-1;1;1
212;212;;BB;BB-0212;DISPONIBLE;;;-1;1;1
213;213;;BB;BB-0213;DISPONIBLE;;;-1;1;1
214;214;;BB;BB-0214;DISPONIBLE;;;-1;1;1
215;215;;BB;BB-0215;DISPONIBLE;;;-1;1;1
216;216;;BB;BB-0216;DISPONIBLE;;;-1;1;1
217;217;;BB;BB-0217;DISPONIBLE;;;-1;1;1
218;218;;BB;BB-0218;DISPONIBLE;;;-1;1;1
219;219;;BB;BB-0219;DISPONIBLE;;;-1;1;1
220;220;;BB;BB-0220;DISPONIBLE;;;-1;1;1
221;221;;BB;BB-0221;DISPONIBLE;;;-1;1;1
222;222;;BB;BB-0222;DISPONIBLE;;;-1;1;1
223;223;;BB;BB-0223;DISPONIBLE;;;-1;1;1
224;224;;BB;BB-0224;DISPONIBLE;;;-1;1;1
225;225;;BB;BB-0225;DISPONIBLE;;;-1;1;1
226;226;;BB;BB-0226;DISPONIBLE;;;-1;1;1
227;227;;BB;BB-0227;DISPONIBLE;;;-1;1;1
228;228;;BB;BB-0228;DISPONIBLE;;;-1;1;1
229;229;;BB;BB-0229;DISPONIBLE;;;-1;1;1
230;230;;BB;BB-0230;DISPONIBLE;;;-1;1;1
231;231;;BB;BB-0231;DISPONIBLE;;;-1;1;1
232;232;;BB;BB-0232;DISPONIBLE;;;-1;1;1
233;233;;BB;BB-0233;DISPONIBLE;;;-1;1;1
234;234;;BB;BB-0234;DISPONIBLE;;;-1;1;1
235;235;;BB;BB-0235;DISPONIBLE;;;-1;1;1
236;236;;BB;BB-0236;DISPONIBLE;;;-1;1;1
237;237;;BB;BB-0237;DISPONIBLE;;;-1;1;1
238;238;;BB;BB-0238;DISPONIBLE;;;-1;1;1
239;239;;BB;BB-0239;DISPONIBLE;;;-1;1;1
240;240;;BB;BB-0240;DISPONIBLE;;;-1;1;1
241;241;;BB;BB-0241;DISPONIBLE;;;-1;1;1
242;242;;BB;BB-0242;DISPONIBLE;;;-1;1;1
243;243;;BB;BB-0243;DISPONIBLE;;;-1;1;1
244;244;;BB;BB-0244;DISPONIBLE;;;-1;1;1
245;245;;BB;BB-0245;DISPONIBLE;;;-1;1;1
246;246;;BB;BB-0246;DISPONIBLE;;;-1;1;1
247;247;;BB;BB-0247;DISPONIBLE;;;-1;1;1
248;248;;BB;BB-0248;DISPONIBLE;;;-1;1;1
249;249;;BB;BB-0249;DISPONIBLE;;;-1;1;1
250;250;;BB;BB-0250;DISPONIBLE;;;-1;1;1
251;251;;BB;BB-0251;DISPONIBLE;;;-1;1;1
252;252;;BB;BB-0252;DISPONIBLE;;;-1;1;1
253;253;;BB;BB-0253;DISPONIBLE;;;-1;1;1
254;254;;BB;BB-0254;DISPONIBLE;;;-1;1;1
255;255;;BB;BB-0255;DISPONIBLE;;;-1;1;1
256;256;;BB;BB-0256;DISPONIBLE;;;-1;1;1
257;257;;BB;BB-0257;DISPONIBLE;;;-1;1;1
258;258;;BB;BB-0258;DISPONIBLE;;;-1;1;1
259;259;;BB;BB-0259;DISPONIBLE;;;-1;1;1
260;260;;BB;BB-0260;DISPONIBLE;;;-1;1;1
261;261;;BB;BB-0261;DISPONIBLE;;;-1;1;1
262;262;;BB;BB-0262;DISPONIBLE;;;-1;1;1
263;263;;BB;BB-0263;DISPONIBLE;;;-1;1;1
264;264;;BB;BB-0264;DISPONIBLE;;;-1;1;1
265;265;;BB;BB-0265;DISPONIBLE;;;-1;1;1
266;266;;BB;BB-0266;DISPONIBLE;;;-1;1;1
267;267;;BB;BB-0267;DISPONIBLE;;;-1;1;1
268;268;;BB;BB-0268;DISPONIBLE;;;-1;1;1
269;269;;BB;BB-0269;DISPONIBLE;;;-1;1;1
270;270;;BB;BB-0270;DISPONIBLE;;;-1;1;1
271;271;;BB;BB-0271;DISPONIBLE;;;-1;1;1
272;272;;BB;BB-0272;DISPONIBLE;;;-1;1;1
273;273;;BB;BB-0273;DISPONIBLE;;;-1;1;1
274;274;;BB;BB-0274;DISPONIBLE;;;-1;1;1
275;275;;BB;BB-0275;DISPONIBLE;;;-1;1;1
276;276;;BB;BB-0276;DISPONIBLE;;;-1;1;1
277;277;;BB;BB-0277;DISPONIBLE;;;-1;1;1
278;278;;BB;BB-0278;DISPONIBLE;;;-1;1;1
279;279;;BB;BB-0279;DISPONIBLE;;;-1;1;1
280;280;;BB;BB-0280;DISPONIBLE;;;-1;1;1
281;281;;BB;BB-0281;DISPONIBLE;;;-1;1;1
282;282;;BB;BB-0282;DISPONIBLE;;;-1;1;1
283;283;;BB;BB-0283;DISPONIBLE;;;-1;1;1
284;284;;BB;BB-0284;DISPONIBLE;;;-1;1;1
285;285;;BB;BB-0285;DISPONIBLE;;;-1;1;1
286;286;;BB;BB-0286;DISPONIBLE;;;-1;1;1
287;287;;BB;BB-0287;DISPONIBLE;;;-1;1;1
288;288;;BB;BB-0288;DISPONIBLE;;;-1;1;1
289;289;;BB;BB-0289;DISPONIBLE;;;-1;1;1
290;290;;BB;BB-0290;DISPONIBLE;;;-1;1;1
291;291;;BB;BB-0291;DISPONIBLE;;;-1;1;1
292;292;;BB;BB-0292;DISPONIBLE;;;-1;1;1
293;293;;BB;BB-0293;DISPONIBLE;;;-1;1;1
294;294;;BB;BB-0294;DISPONIBLE;;;-1;1;1
295;295;;BB;BB-0295;DISPONIBLE;;;-1;1;1
296;296;;BB;BB-0296;DISPONIBLE;;;-1;1;1
297;297;;BB;BB-0297;DISPONIBLE;;;-1;1;1
298;298;;BB;BB-0298;DISPONIBLE;;;-1;1;1
299;299;;BB;BB-0299;DISPONIBLE;;;-1;1;1
300;300;;BB;BB-0300;DISPONIBLE;;;-1;1;1
301;301;;BB;BB-0301;DISPONIBLE;;;-1;1;1
302;302;;BB;BB-0302;DISPONIBLE;;;-1;1;1
303;303;;BB;BB-0303;DISPONIBLE;;;-1;1;1
304;304;;BB;BB-0304;DISPONIBLE;;;-1;1;1
305;305;;BB;BB-0305;DISPONIBLE;;;-1;1;1
306;306;;BB;BB-0306;DISPONIBLE;;;-1;1;1
307;307;;BB;BB-0307;DISPONIBLE;;;-1;1;1
308;308;;BB;BB-0308;DISPONIBLE;;;-1;1;1
309;309;;BB;BB-0309;DISPONIBLE;;;-1;1;1
310;310;;BB;BB-0310;DISPONIBLE;;;-1;1;1
311;311;;BB;BB-0311;DISPONIBLE;;;-1;1;1
312;312;;BB;BB-0312;DISPONIBLE;;;-1;1;1
313;313;;BB;BB-0313;DISPONIBLE;;;-1;1;1
314;314;;BB;BB-0314;DISPONIBLE;;;-1;1;1
315;315;;BB;BB-0315;DISPONIBLE;;;-1;1;1
316;316;;BB;BB-0316;DISPONIBLE;;;-1;1;1
317;317;;BB;BB-0317;DISPONIBLE;;;-1;1;1
318;318;;BB;BB-0318;DISPONIBLE;;;-1;1;1
319;319;;BB;BB-0319;DISPONIBLE;;;-1;1;1
320;320;;BB;BB-0320;DISPONIBLE;;;-1;1;1
321;321;;BB;BB-0321;DISPONIBLE;;;-1;1;1
322;322;;BB;BB-0322;DISPONIBLE;;;-1;1;1
323;323;;BB;BB-0323;DISPONIBLE;;;-1;1;1
324;324;;BB;BB-0324;DISPONIBLE;;;-1;1;1
325;325;;BB;BB-0325;DISPONIBLE;;;-1;1;1
326;326;;BB;BB-0326;DISPONIBLE;;;-1;1;1
327;327;;BB;BB-0327;DISPONIBLE;;;-1;1;1
328;328;;BB;BB-0328;DISPONIBLE;;;-1;1;1
329;329;;BB;BB-0329;DISPONIBLE;;;-1;1;1
330;330;;BB;BB-0330;DISPONIBLE;;;-1;1;1
331;331;;BB;BB-0331;DISPONIBLE;;;-1;1;1
332;332;;BB;BB-0332;DISPONIBLE;;;-1;1;1
333;333;;BB;BB-0333;DISPONIBLE;;;-1;1;1
334;334;;BB;BB-0334;DISPONIBLE;;;-1;1;1
335;335;;BB;BB-0335;DISPONIBLE;;;-1;1;1
336;336;;BB;BB-0336;DISPONIBLE;;;-1;1;1
337;337;;BB;BB-0337;DISPONIBLE;;;-1;1;1
338;338;;BB;BB-0338;DISPONIBLE;;;-1;1;1
339;339;;BB;BB-0339;DISPONIBLE;;;-1;1;1
340;340;;BB;BB-0340;DISPONIBLE;;;-1;1;1
341;341;;BB;BB-0341;DISPONIBLE;;;-1;1;1
342;342;;BB;BB-0342;DISPONIBLE;;;-1;1;1
343;343;;BB;BB-0343;DISPONIBLE;;;-1;1;1
344;344;;BB;BB-0344;DISPONIBLE;;;-1;1;1
345;345;;BB;BB-0345;DISPONIBLE;;;-1;1;1
346;346;;BB;BB-0346;DISPONIBLE;;;-1;1;1
347;347;;BB;BB-0347;DISPONIBLE;;;-1;1;1
348;348;;BB;BB-0348;DISPONIBLE;;;-1;1;1
349;349;;BB;BB-0349;DISPONIBLE;;;-1;1;1
350;350;;BB;BB-0350;DISPONIBLE;;;-1;1;1
351;351;;BB;BB-0351;DISPONIBLE;;;-1;1;1
352;352;;BB;BB-0352;DISPONIBLE;;;-1;1;1
353;353;;BB;BB-0353;DISPONIBLE;;;-1;1;1
354;354;;BB;BB-0354;DISPONIBLE;;;-1;1;1
355;355;;BB;BB-0355;DISPONIBLE;;;-1;1;1
356;356;;BB;BB-0356;DISPONIBLE;;;-1;1;1
357;357;;BB;BB-0357;DISPONIBLE;;;-1;1;1
358;358;;BB;BB-0358;DISPONIBLE;;;-1;1;1
359;359;;BB;BB-0359;DISPONIBLE;;;-1;1;1
360;360;;BB;BB-0360;DISPONIBLE;;;-1;1;1
361;361;;BB;BB-0361;DISPONIBLE;;;-1;1;1
362;362;;BB;BB-0362;DISPONIBLE;;;-1;1;1
363;363;;BB;BB-0363;DISPONIBLE;;;-1;1;1
364;364;;BB;BB-0364;DISPONIBLE;;;-1;1;1
365;365;;BB;BB-0365;DISPONIBLE;;;-1;1;1
366;366;;BB;BB-0366;DISPONIBLE;;;-1;1;1
367;367;;BB;BB-0367;DISPONIBLE;;;-1;1;1
368;368;;BB;BB-0368;DISPONIBLE;;;-1;1;1
369;369;;BB;BB-0369;DISPONIBLE;;;-1;1;1
370;370;;BB;BB-0370;DISPONIBLE;;;-1;1;1
371;371;;BB;BB-0371;DISPONIBLE;;;-1;1;1
372;372;;BB;BB-0372;DISPONIBLE;;;-1;1;1
373;373;;BB;BB-0373;DISPONIBLE;;;-1;1;1
374;374;;BB;BB-0374;DISPONIBLE;;;-1;1;1
375;375;;BB;BB-0375;DISPONIBLE;;;-1;1;1
376;376;;BB;BB-0376;DISPONIBLE;;;-1;1;1
377;377;;BB;BB-0377;DISPONIBLE;;;-1;1;1
378;378;;BB;BB-0378;DISPONIBLE;;;-1;1;1
379;379;;BB;BB-0379;DISPONIBLE;;;-1;1;1
380;380;;BB;BB-0380;DISPONIBLE;;;-1;1;1
381;381;;BB;BB-0381;DISPONIBLE;;;-1;1;1
382;382;;BB;BB-0382;DISPONIBLE;;;-1;1;1
383;383;;BB;BB-0383;DISPONIBLE;;;-1;1;1
384;384;;BB;BB-0384;DISPONIBLE;;;-1;1;1
385;385;;BB;BB-0385;DISPONIBLE;;;-1;1;1
386;386;;BB;BB-0386;DISPONIBLE;;;-1;1;1
387;387;;BB;BB-0387;DISPONIBLE;;;-1;1;1
388;388;;BB;BB-0388;DISPONIBLE;;;-1;1;1
389;389;;BB;BB-0389;DISPONIBLE;;;-1;1;1
390;390;;BB;BB-0390;DISPONIBLE;;;-1;1;1
391;391;;BB;BB-0391;DISPONIBLE;;;-1;1;1
392;392;;BB;BB-0392;DISPONIBLE;;;-1;1;1
393;393;;BB;BB-0393;DISPONIBLE;;;-1;1;1
394;394;;BB;BB-0394;DISPONIBLE;;;-1;1;1
395;395;;BB;BB-0395;DISPONIBLE;;;-1;1;1
396;396;;BB;BB-0396;DISPONIBLE;;;-1;1;1
397;397;;BB;BB-0397;DISPONIBLE;;;-1;1;1
398;398;;BB;BB-0398;DISPONIBLE;;;-1;1;1
399;399;;BB;BB-0399;DISPONIBLE;;;-1;1;1
400;400;;BB;BB-0400;DISPONIBLE;;;-1;1;1
401;401;;BB;BB-0401;DISPONIBLE;;;-1;1;1
402;402;;BB;BB-0402;DISPONIBLE;;;-1;1;1
403;403;;BB;BB-0403;DISPONIBLE;;;-1;1;1
404;404;;BB;BB-0404;DISPONIBLE;;;-1;1;1
405;405;;BB;BB-0405;DISPONIBLE;;;-1;1;1
406;406;;BB;BB-0406;DISPONIBLE;;;-1;1;1
407;407;;BB;BB-0407;DISPONIBLE;;;-1;1;1
408;408;;BB;BB-0408;DISPONIBLE;;;-1;1;1
409;409;;BB;BB-0409;DISPONIBLE;;;-1;1;1
410;410;;BB;BB-0410;DISPONIBLE;;;-1;1;1
411;411;;BB;BB-0411;DISPONIBLE;;;-1;1;1
412;412;;BB;BB-0412;DISPONIBLE;;;-1;1;1
413;413;;BB;BB-0413;DISPONIBLE;;;-1;1;1
414;414;;BB;BB-0414;DISPONIBLE;;;-1;1;1
415;415;;BB;BB-0415;DISPONIBLE;;;-1;1;1
416;416;;BB;BB-0416;DISPONIBLE;;;-1;1;1
417;417;;BB;BB-0417;DISPONIBLE;;;-1;1;1
418;418;;BB;BB-0418;DISPONIBLE;;;-1;1;1
419;419;;BB;BB-0419;DISPONIBLE;;;-1;1;1
420;420;;BB;BB-0420;DISPONIBLE;;;-1;1;1
421;421;;BB;BB-0421;DISPONIBLE;;;-1;1;1
422;422;;BB;BB-0422;DISPONIBLE;;;-1;1;1
423;423;;BB;BB-0423;DISPONIBLE;;;-1;1;1
424;424;;BB;BB-0424;DISPONIBLE;;;-1;1;1
425;425;;BB;BB-0425;DISPONIBLE;;;-1;1;1
426;426;;BB;BB-0426;DISPONIBLE;;;-1;1;1
427;427;;BB;BB-0427;DISPONIBLE;;;-1;1;1
428;428;;BB;BB-0428;DISPONIBLE;;;-1;1;1
429;429;;BB;BB-0429;DISPONIBLE;;;-1;1;1
430;430;;BB;BB-0430;DISPONIBLE;;;-1;1;1
431;431;;BB;BB-0431;DISPONIBLE;;;-1;1;1
432;432;;BB;BB-0432;DISPONIBLE;;;-1;1;1
433;433;;BB;BB-0433;DISPONIBLE;;;-1;1;1
434;434;;BB;BB-0434;DISPONIBLE;;;-1;1;1
435;435;;BB;BB-0435;DISPONIBLE;;;-1;1;1
436;436;;BB;BB-0436;DISPONIBLE;;;-1;1;1
437;437;;BB;BB-0437;DISPONIBLE;;;-1;1;1
438;438;;BB;BB-0438;DISPONIBLE;;;-1;1;1
439;439;;BB;BB-0439;DISPONIBLE;;;-1;1;1
440;440;;BB;BB-0440;DISPONIBLE;;;-1;1;1
441;441;;BB;BB-0441;DISPONIBLE;;;-1;1;1
442;442;;BB;BB-0442;DISPONIBLE;;;-1;1;1
443;443;;BB;BB-0443;DISPONIBLE;;;-1;1;1
444;444;;BB;BB-0444;DISPONIBLE;;;-1;1;1
445;445;;BB;BB-0445;DISPONIBLE;;;-1;1;1
446;446;;BB;BB-0446;DISPONIBLE;;;-1;1;1
447;447;;BB;BB-0447;DISPONIBLE;;;-1;1;1
448;448;;BB;BB-0448;DISPONIBLE;;;-1;1;1
449;449;;BB;BB-0449;DISPONIBLE;;;-1;1;1
450;450;;BB;BB-0450;DISPONIBLE;;;-1;1;1
451;451;;BB;BB-0451;DISPONIBLE;;;-1;1;1
452;452;;BB;BB-0452;DISPONIBLE;;;-1;1;1
453;453;;BB;BB-0453;DISPONIBLE;;;-1;1;1
454;454;;BB;BB-0454;DISPONIBLE;;;-1;1;1
455;455;;BB;BB-0455;DISPONIBLE;;;-1;1;1
456;456;;BB;BB-0456;DISPONIBLE;;;-1;1;1
457;457;;BB;BB-0457;DISPONIBLE;;;-1;1;1
458;458;;BB;BB-0458;DISPONIBLE;;;-1;1;1
459;459;;BB;BB-0459;DISPONIBLE;;;-1;1;1
460;460;;BB;BB-0460;DISPONIBLE;;;-1;1;1
461;461;;BB;BB-0461;DISPONIBLE;;;-1;1;1
462;462;;BB;BB-0462;DISPONIBLE;;;-1;1;1
463;463;;BB;BB-0463;DISPONIBLE;;;-1;1;1
464;464;;BB;BB-0464;DISPONIBLE;;;-1;1;1
465;465;;BB;BB-0465;DISPONIBLE;;;-1;1;1
466;466;;BB;BB-0466;DISPONIBLE;;;-1;1;1
467;467;;BB;BB-0467;DISPONIBLE;;;-1;1;1
468;468;;BB;BB-0468;DISPONIBLE;;;-1;1;1
469;469;;BB;BB-0469;DISPONIBLE;;;-1;1;1
470;470;;BB;BB-0470;DISPONIBLE;;;-1;1;1
471;471;;BB;BB-0471;DISPONIBLE;;;-1;1;1
472;472;;BB;BB-0472;DISPONIBLE;;;-1;1;1
473;473;;BB;BB-0473;DISPONIBLE;;;-1;1;1
474;474;;BB;BB-0474;DISPONIBLE;;;-1;1;1
475;475;;BB;BB-0475;DISPONIBLE;;;-1;1;1
476;476;;BB;BB-0476;DISPONIBLE;;;-1;1;1
477;477;;BB;BB-0477;DISPONIBLE;;;-1;1;1
478;478;;BB;BB-0478;DISPONIBLE;;;-1;1;1
479;479;;BB;BB-0479;DISPONIBLE;;;-1;1;1
480;480;;BB;BB-0480;DISPONIBLE;;;-1;1;1
481;481;;BB;BB-0481;DISPONIBLE;;;-1;1;1
482;482;;BB;BB-0482;DISPONIBLE;;;-1;1;1
483;483;;BB;BB-0483;DISPONIBLE;;;-1;1;1
484;484;;BB;BB-0484;DISPONIBLE;;;-1;1;1
485;485;;BB;BB-0485;DISPONIBLE;;;-1;1;1
486;486;;BB;BB-0486;DISPONIBLE;;;-1;1;1
487;487;;BB;BB-0487;DISPONIBLE;;;-1;1;1
488;488;;BB;BB-0488;DISPONIBLE;;;-1;1;1
489;489;;BB;BB-0489;DISPONIBLE;;;-1;1;1
490;490;;BB;BB-0490;DISPONIBLE;;;-1;1;1
491;491;;BB;BB-0491;DISPONIBLE;;;-1;1;1
492;492;;BB;BB-0492;DISPONIBLE;;;-1;1;1
493;493;;BB;BB-0493;DISPONIBLE;;;-1;1;1
494;494;;BB;BB-0494;DISPONIBLE;;;-1;1;1
495;495;;BB;BB-0495;DISPONIBLE;;;-1;1;1
496;496;;BB;BB-0496;DISPONIBLE;;;-1;1;1
497;497;;BB;BB-0497;DISPONIBLE;;;-1;1;1
498;498;;BB;BB-0498;DISPONIBLE;;;-1;1;1
499;499;;BB;BB-0499;DISPONIBLE;;;-1;1;1
500;500;;BB;BB-0500;DISPONIBLE;;;-1;1;1
501;501;;BB;BB-0501;DISPONIBLE;;;-1;1;1
502;502;;BB;BB-0502;DISPONIBLE;;;-1;1;1
503;503;;BB;BB-0503;DISPONIBLE;;;-1;1;1
504;504;;BB;BB-0504;DISPONIBLE;;;-1;1;1
505;505;;BB;BB-0505;DISPONIBLE;;;-1;1;1
506;506;;BB;BB-0506;DISPONIBLE;;;-1;1;1
507;507;;BB;BB-0507;DISPONIBLE;;;-1;1;1
508;508;;BB;BB-0508;DISPONIBLE;;;-1;1;1
509;509;;BB;BB-0509;DISPONIBLE;;;-1;1;1
510;510;;BB;BB-0510;DISPONIBLE;;;-1;1;1
511;511;;BB;BB-0511;DISPONIBLE;;;-1;1;1
512;512;;BB;BB-0512;DISPONIBLE;;;-1;1;1
513;513;;BB;BB-0513;DISPONIBLE;;;-1;1;1
514;514;;BB;BB-0514;DISPONIBLE;;;-1;1;1
515;515;;BB;BB-0515;DISPONIBLE;;;-1;1;1
516;516;;BB;BB-0516;DISPONIBLE;;;-1;1;1
517;517;;BB;BB-0517;DISPONIBLE;;;-1;1;1
518;518;;BB;BB-0518;DISPONIBLE;;;-1;1;1
519;519;;BB;BB-0519;DISPONIBLE;;;-1;1;1
520;520;;BB;BB-0520;DISPONIBLE;;;-1;1;1
521;521;;BB;BB-0521;DISPONIBLE;;;-1;1;1
522;522;;BB;BB-0522;DISPONIBLE;;;-1;1;1
523;523;;BB;BB-0523;DISPONIBLE;;;-1;1;1
524;524;;BB;BB-0524;DISPONIBLE;;;-1;1;1
525;525;;BB;BB-0525;DISPONIBLE;;;-1;1;1
526;526;;BB;BB-0526;DISPONIBLE;;;-1;1;1
527;527;;BB;BB-0527;DISPONIBLE;;;-1;1;1
528;528;;BB;BB-0528;DISPONIBLE;;;-1;1;1
529;529;;BB;BB-0529;DISPONIBLE;;;-1;1;1
530;530;;BB;BB-0530;DISPONIBLE;;;-1;1;1
531;531;;BB;BB-0531;DISPONIBLE;;;-1;1;1
532;532;;BB;BB-0532;DISPONIBLE;;;-1;1;1
533;533;;BB;BB-0533;DISPONIBLE;;;-1;1;1
534;534;;BB;BB-0534;DISPONIBLE;;;-1;1;1
535;535;;BB;BB-0535;DISPONIBLE;;;-1;1;1
536;536;;BB;BB-0536;DISPONIBLE;;;-1;1;1
537;537;;BB;BB-0537;DISPONIBLE;;;-1;1;1
538;538;;BB;BB-0538;DISPONIBLE;;;-1;1;1
539;539;;BB;BB-0539;DISPONIBLE;;;-1;1;1
540;540;;BB;BB-0540;DISPONIBLE;;;-1;1;1
541;541;;BB;BB-0541;DISPONIBLE;;;-1;1;1
542;542;;BB;BB-0542;DISPONIBLE;;;-1;1;1
543;543;;BB;BB-0543;DISPONIBLE;;;-1;1;1
544;544;;BB;BB-0544;DISPONIBLE;;;-1;1;1
545;545;;BB;BB-0545;DISPONIBLE;;;-1;1;1
546;546;;BB;BB-0546;DISPONIBLE;;;-1;1;1
547;547;;BB;BB-0547;DISPONIBLE;;;-1;1;1
548;548;;BB;BB-0548;DISPONIBLE;;;-1;1;1
549;549;;BB;BB-0549;DISPONIBLE;;;-1;1;1
550;550;;BB;BB-0550;DISPONIBLE;;;-1;1;1
551;551;;BB;BB-0551;DISPONIBLE;;;-1;1;1
552;552;;BB;BB-0552;DISPONIBLE;;;-1;1;1
553;553;;BB;BB-0553;DISPONIBLE;;;-1;1;1
554;554;;BB;BB-0554;DISPONIBLE;;;-1;1;1
555;555;;BB;BB-0555;DISPONIBLE;;;-1;1;1
556;556;;BB;BB-0556;DISPONIBLE;;;-1;1;1
557;557;;BB;BB-0557;DISPONIBLE;;;-1;1;1
558;558;;BB;BB-0558;DISPONIBLE;;;-1;1;1
559;559;;BB;BB-0559;DISPONIBLE;;;-1;1;1
560;560;;BB;BB-0560;DISPONIBLE;;;-1;1;1
561;561;;BB;BB-0561;DISPONIBLE;;;-1;1;1
562;562;;BB;BB-0562;DISPONIBLE;;;-1;1;1
563;563;;BB;BB-0563;DISPONIBLE;;;-1;1;1
564;564;;BB;BB-0564;DISPONIBLE;;;-1;1;1
565;565;;BB;BB-0565;DISPONIBLE;;;-1;1;1
566;566;;BB;BB-0566;DISPONIBLE;;;-1;1;1
567;567;;BB;BB-0567;DISPONIBLE;;;-1;1;1
568;568;;BB;BB-0568;DISPONIBLE;;;-1;1;1
569;569;;BB;BB-0569;DISPONIBLE;;;-1;1;1
570;570;;BB;BB-0570;DISPONIBLE;;;-1;1;1
571;571;;BB;BB-0571;DISPONIBLE;;;-1;1;1
572;572;;BB;BB-0572;DISPONIBLE;;;-1;1;1
573;573;;BB;BB-0573;DISPONIBLE;;;-1;1;1
574;574;;BB;BB-0574;DISPONIBLE;;;-1;1;1
575;575;;BB;BB-0575;DISPONIBLE;;;-1;1;1
576;576;;BB;BB-0576;DISPONIBLE;;;-1;1;1
577;577;;BB;BB-0577;DISPONIBLE;;;-1;1;1
578;578;;BB;BB-0578;DISPONIBLE;;;-1;1;1
579;579;;BB;BB-0579;DISPONIBLE;;;-1;1;1
580;580;;BB;BB-0580;DISPONIBLE;;;-1;1;1
581;581;;BB;BB-0581;DISPONIBLE;;;-1;1;1
582;582;;BB;BB-0582;DISPONIBLE;;;-1;1;1
583;583;;BB;BB-0583;DISPONIBLE;;;-1;1;1
584;584;;BB;BB-0584;DISPONIBLE;;;-1;1;1
585;585;;BB;BB-0585;DISPONIBLE;;;-1;1;1
586;586;;BB;BB-0586;DISPONIBLE;;;-1;1;1
587;587;;BB;BB-0587;DISPONIBLE;;;-1;1;1
588;588;;BB;BB-0588;DISPONIBLE;;;-1;1;1
589;589;;BB;BB-0589;DISPONIBLE;;;-1;1;1
590;590;;BB;BB-0590;DISPONIBLE;;;-1;1;1
591;591;;BB;BB-0591;DISPONIBLE;;;-1;1;1
592;592;;BB;BB-0592;DISPONIBLE;;;-1;1;1
593;593;;BB;BB-0593;DISPONIBLE;;;-1;1;1
594;594;;BB;BB-0594;DISPONIBLE;;;-1;1;1
595;595;;BB;BB-0595;DISPONIBLE;;;-1;1;1
596;596;;BB;BB-0596;DISPONIBLE;;;-1;1;1
597;597;;BB;BB-0597;DISPONIBLE;;;-1;1;1
598;598;;BB;BB-0598;DISPONIBLE;;;-1;1;1
599;599;;BB;BB-0599;DISPONIBLE;;;-1;1;1
600;600;;BB;BB-0600;DISPONIBLE;;;-1;1;1
601;601;;BB;BB-0601;DISPONIBLE;;;-1;1;1
602;602;;BB;BB-0602;DISPONIBLE;;;-1;1;1
603;603;;BB;BB-0603;DISPONIBLE;;;-1;1;1
604;604;;BB;BB-0604;DISPONIBLE;;;-1;1;1
605;605;;BB;BB-0605;DISPONIBLE;;;-1;1;1
606;606;;BB;BB-0606;DISPONIBLE;;;-1;1;1
607;607;;BB;BB-0607;DISPONIBLE;;;-1;1;1
608;608;;BB;BB-0608;DISPONIBLE;;;-1;1;1
609;609;;BB;BB-0609;DISPONIBLE;;;-1;1;1
610;610;;BB;BB-0610;DISPONIBLE;;;-1;1;1
611;611;;BB;BB-0611;DISPONIBLE;;;-1;1;1
612;612;;BB;BB-0612;DISPONIBLE;;;-1;1;1
613;613;;BB;BB-0613;DISPONIBLE;;;-1;1;1
614;614;;BB;BB-0614;DISPONIBLE;;;-1;1;1
615;615;;BB;BB-0615;DISPONIBLE;;;-1;1;1
616;616;;BB;BB-0616;DISPONIBLE;;;-1;1;1
617;617;;BB;BB-0617;DISPONIBLE;;;-1;1;1
618;618;;BB;BB-0618;DISPONIBLE;;;-1;1;1
619;619;;BB;BB-0619;DISPONIBLE;;;-1;1;1
620;620;;BB;BB-0620;DISPONIBLE;;;-1;1;1
621;621;;BB;BB-0621;DISPONIBLE;;;-1;1;1
622;622;;BB;BB-0622;DISPONIBLE;;;-1;1;1
623;623;;BB;BB-0623;DISPONIBLE;;;-1;1;1
624;624;;BB;BB-0624;DISPONIBLE;;;-1;1;1
625;625;;BB;BB-0625;DISPONIBLE;;;-1;1;1
626;626;;BB;BB-0626;DISPONIBLE;;;-1;1;1
627;627;;BB;BB-0627;DISPONIBLE;;;-1;1;1
628;628;;BB;BB-0628;DISPONIBLE;;;-1;1;1
629;629;;BB;BB-0629;DISPONIBLE;;;-1;1;1
630;630;;BB;BB-0630;DISPONIBLE;;;-1;1;1
631;631;;BB;BB-0631;DISPONIBLE;;;-1;1;1
632;632;;BB;BB-0632;DISPONIBLE;;;-1;1;1
633;633;;BB;BB-0633;DISPONIBLE;;;-1;1;1
634;634;;BB;BB-0634;DISPONIBLE;;;-1;1;1
635;635;;BB;BB-0635;DISPONIBLE;;;-1;1;1
636;636;;BB;BB-0636;DISPONIBLE;;;-1;1;1
637;637;;BB;BB-0637;DISPONIBLE;;;-1;1;1
638;638;;BB;BB-0638;DISPONIBLE;;;-1;1;1
639;639;;BB;BB-0639;DISPONIBLE;;;-1;1;1
640;640;;BB;BB-0640;DISPONIBLE;;;-1;1;1
641;641;;BB;BB-0641;DISPONIBLE;;;-1;1;1
642;642;;BB;BB-0642;DISPONIBLE;;;-1;1;1
643;643;;BB;BB-0643;DISPONIBLE;;;-1;1;1
644;644;;BB;BB-0644;DISPONIBLE;;;-1;1;1
645;645;;BB;BB-0645;DISPONIBLE;;;-1;1;1
646;646;;BB;BB-0646;DISPONIBLE;;;-1;1;1
647;647;;BB;BB-0647;DISPONIBLE;;;-1;1;1
648;648;;BB;BB-0648;DISPONIBLE;;;-1;1;1
649;649;;BB;BB-0649;DISPONIBLE;;;-1;1;1
650;650;;BB;BB-0650;DISPONIBLE;;;-1;1;1
651;651;;BB;BB-0651;DISPONIBLE;;;-1;1;1
652;652;;BB;BB-0652;DISPONIBLE;;;-1;1;1
653;653;;BB;BB-0653;DISPONIBLE;;;-1;1;1
654;654;;BB;BB-0654;DISPONIBLE;;;-1;1;1
655;655;;BB;BB-0655;DISPONIBLE;;;-1;1;1
656;656;;BB;BB-0656;DISPONIBLE;;;-1;1;1
657;657;;BB;BB-0657;DISPONIBLE;;;-1;1;1
658;658;;BB;BB-0658;DISPONIBLE;;;-1;1;1
659;659;;BB;BB-0659;DISPONIBLE;;;-1;1;1
660;660;;BB;BB-0660;DISPONIBLE;;;-1;1;1
661;661;;BB;BB-0661;DISPONIBLE;;;-1;1;1
662;662;;BB;BB-0662;DISPONIBLE;;;-1;1;1
663;663;;BB;BB-0663;DISPONIBLE;;;-1;1;1
664;664;;BB;BB-0664;DISPONIBLE;;;-1;1;1
665;665;;BB;BB-0665;DISPONIBLE;;;-1;1;1
666;666;;BB;BB-0666;DISPONIBLE;;;-1;1;1
667;667;;BB;BB-0667;DISPONIBLE;;;-1;1;1
668;668;;BB;BB-0668;DISPONIBLE;;;-1;1;1
669;669;;BB;BB-0669;DISPONIBLE;;;-1;1;1
670;670;;BB;BB-0670;DISPONIBLE;;;-1;1;1
671;671;;BB;BB-0671;DISPONIBLE;;;-1;1;1
672;672;;BB;BB-0672;DISPONIBLE;;;-1;1;1
673;673;;BB;BB-0673;DISPONIBLE;;;-1;1;1
674;674;;BB;BB-0674;DISPONIBLE;;;-1;1;1
675;675;;BB;BB-0675;DISPONIBLE;;;-1;1;1
676;676;;BB;BB-0676;DISPONIBLE;;;-1;1;1
677;677;;BB;BB-0677;DISPONIBLE;;;-1;1;1
678;678;;BB;BB-0678;DISPONIBLE;;;-1;1;1
679;679;;BB;BB-0679;DISPONIBLE;;;-1;1;1
680;680;;BB;BB-0680;DISPONIBLE;;;-1;1;1
681;681;;BB;BB-0681;DISPONIBLE;;;-1;1;1
682;682;;BB;BB-0682;DISPONIBLE;;;-1;1;1
683;683;;BB;BB-0683;DISPONIBLE;;;-1;1;1
684;684;;AA;AA-0684;DISPONIBLE;;;-1;1;1
685;685;;AA;AA-0685;DISPONIBLE;;;-1;1;1
